observation.state,action,timestamp,frame_index,episode_index,index,task_index
"[-36.46, 6.23, 138.51, 42.22, -65.76, 185.51, 1.0, 1.0, 0.0]","[-36.46, 6.23, 138.51, 42.22, -65.76, 185.51, 1.0, 1.0, 0.0]",0,0,6,2164,0
"[-36.46, 6.23, 138.51, 42.22, -65.76, 185.51, 1.0, 1.0, 0.0]","[-36.46, 6.23, 138.51, 42.22, -65.76, 185.51, 1.0, 1.0, 0.0]",0.03333333333333333,1,6,2165,0
"[-36.46, 6.23, 138.51, 42.22, -65.76, 185.51, 1.0, 1.0, 0.0]","[-36.46, 6.23, 138.51, 42.22, -65.76, 185.51, 1.0, 1.0, 0.0]",0.06666666666666667,2,6,2166,0
"[-36.46, 6.23, 138.51, 42.22, -65.76, 185.51, 1.0, 1.0, 0.0]","[-36.46, 6.23, 138.51, 42.22, -65.76, 185.51, 1.0, 1.0, 0.0]",0.1,3,6,2167,0
"[-36.46, 6.23, 138.51, 42.22, -65.76, 185.51, 1.0, 1.0, 0.0]","[-36.46, 6.23, 138.51, 42.22, -65.76, 185.51, 1.0, 1.0, 0.0]",0.13333333333333333,4,6,2168,0
"[-36.46, 6.23, 138.51, 42.22, -65.76, 185.51, 1.0, 1.0, 0.0]","[-36.46, 6.23, 138.51, 42.22, -65.76, 185.51, 1.0, 1.0, 0.0]",0.16666666666666666,5,6,2169,0
"[-36.46, 6.23, 138.51, 42.22, -65.76, 185.51, 1.0, 1.0, 0.0]","[-36.46, 6.23, 138.51, 42.22, -65.76, 185.51, 1.0, 1.0, 0.0]",0.19999999999999998,6,6,2170,0
"[-36.46, 6.23, 138.51, 42.22, -65.76, 185.51, 1.0, 1.0, 0.0]","[-36.46, 6.23, 138.51, 42.22, -65.76, 185.51, 1.0, 1.0, 0.0]",0.2333333333333333,7,6,2171,0
"[-36.46, 6.23, 138.51, 42.22, -65.76, 185.51, 1.0, 1.0, 0.0]","[-36.46, 6.23, 138.51, 42.22, -65.76, 185.51, 1.0, 1.0, 0.0]",0.26666666666666666,8,6,2172,0
"[-36.46, 6.23, 138.51, 42.22, -65.76, 185.51, 1.0, 1.0, 0.0]","[-36.46, 6.23, 138.51, 42.22, -65.76, 185.51, 1.0, 1.0, 0.0]",0.3,9,6,2173,0
"[-36.46, 6.23, 138.51, 42.22, -65.76, 185.51, 1.0, 1.0, 0.0]","[-36.46, 6.23, 138.51, 42.22, -65.76, 185.51, 1.0, 1.0, 0.0]",0.3333333333333333,10,6,2174,0
"[-36.46, 6.23, 138.51, 42.22, -65.76, 185.51, 1.0, 1.0, 0.0]","[-36.46, 6.23, 138.51, 42.22, -65.76, 185.51, 1.0, 1.0, 0.0]",0.36666666666666664,11,6,2175,0
"[-36.46, 6.23, 138.51, 42.22, -65.76, 185.51, 1.0, 1.0, 0.0]","[-36.46, 6.23, 138.51, 42.22, -65.76, 185.51, 1.0, 1.0, 0.0]",0.39999999999999997,12,6,2176,0
"[-36.46, 6.23, 138.51, 42.22, -65.76, 185.51, 1.0, 1.0, 0.0]","[-36.46, 6.23, 138.51, 42.22, -65.76, 185.51, 1.0, 1.0, 0.0]",0.4333333333333333,13,6,2177,0
"[-36.46, 6.23, 138.51, 42.22, -65.76, 185.51, 1.0, 1.0, 0.0]","[-36.46, 6.23, 138.51, 42.22, -65.76, 185.51, 1.0, 1.0, 0.0]",0.4666666666666666,14,6,2178,0
"[-36.46, 6.23, 138.51, 42.22, -65.76, 185.51, 1.0, 1.0, 0.0]","[-36.46, 6.23, 138.51, 42.22, -65.76, 185.51, 1.0, 1.0, 0.0]",0.49999999999999994,15,6,2179,0
"[-36.46, 6.23, 138.51, 42.22, -65.76, 185.51, 1.0, 1.0, 0.0]","[-36.46, 6.23, 138.51, 42.22, -65.76, 185.51, 1.0, 1.0, 0.0]",0.5333333333333333,16,6,2180,0
"[-36.46, 6.23, 138.51, 42.22, -65.76, 185.51, 1.0, 1.0, 0.0]","[-36.46, 6.23, 138.51, 42.22, -65.76, 185.51, 1.0, 1.0, 0.0]",0.5666666666666667,17,6,2181,0
"[-36.46, 6.23, 138.51, 42.22, -65.76, 185.51, 1.0, 1.0, 0.0]","[-36.46, 6.23, 138.51, 42.22, -65.76, 185.51, 1.0, 1.0, 0.0]",0.6,18,6,2182,0
"[-36.46, 6.23, 138.51, 42.22, -65.76, 185.51, 1.0, 1.0, 0.0]","[-36.46, 6.23, 138.51, 42.22, -65.76, 185.51, 1.0, 1.0, 0.0]",0.6333333333333333,19,6,2183,0
"[-36.46, 6.23, 138.51, 42.22, -65.76, 185.51, 1.0, 1.0, 0.0]","[-36.46, 6.23, 138.51, 42.22, -65.76, 185.51, 1.0, 1.0, 0.0]",0.6666666666666666,20,6,2184,0
"[-36.46, 6.23, 138.51, 42.22, -65.76, 185.51, 1.0, 1.0, 0.0]","[-36.46, 6.23, 138.51, 42.22, -65.76, 185.51, 1.0, 1.0, 0.0]",0.7,21,6,2185,0
"[-36.46, 6.23, 138.51, 42.22, -65.76, 185.51, 1.0, 1.0, 0.0]","[-36.46, 6.23, 138.51, 42.22, -65.76, 185.51, 1.0, 1.0, 0.0]",0.7333333333333333,22,6,2186,0
"[-36.46, 6.23, 138.51, 42.22, -65.76, 185.51, 1.0, 1.0, 0.0]","[-36.46, 6.23, 138.51, 42.22, -65.76, 185.51, 1.0, 1.0, 0.0]",0.7666666666666666,23,6,2187,0
"[-36.46, 6.23, 138.51, 42.22, -65.76, 185.51, 1.0, 1.0, 0.0]","[-36.46, 6.23, 138.51, 42.22, -65.76, 185.51, 1.0, 1.0, 0.0]",0.7999999999999999,24,6,2188,0
"[-36.46, 6.23, 138.51, 42.22, -65.76, 185.51, 1.0, 1.0, 0.0]","[-36.46, 6.23, 138.51, 42.22, -65.76, 185.51, 1.0, 1.0, 0.0]",0.8333333333333333,25,6,2189,0
"[-36.46, 6.23, 138.51, 42.22, -65.76, 185.51, 1.0, 1.0, 0.0]","[-36.46, 6.23, 138.51, 42.22, -65.76, 185.51, 1.0, 1.0, 0.0]",0.8666666666666666,26,6,2190,0
"[-36.46, 6.23, 138.51, 42.22, -65.76, 185.51, 1.0, 1.0, 0.0]","[-36.46, 6.23, 138.51, 42.22, -65.76, 185.51, 1.0, 1.0, 0.0]",0.8999999999999999,27,6,2191,0
"[-36.46, 6.23, 138.51, 42.22, -65.76, 185.51, 1.0, 1.0, 0.0]","[-36.46, 6.23, 138.51, 42.22, -65.76, 185.51, 1.0, 1.0, 0.0]",0.9333333333333332,28,6,2192,0
"[-36.46, 6.23, 138.51, 42.22, -65.76, 185.51, 1.0, 1.0, 0.0]","[-36.46, 6.23, 138.51, 42.22, -65.76, 185.51, 1.0, 1.0, 0.0]",0.9666666666666666,29,6,2193,0
"[-36.46, 6.23, 138.51, 42.22, -65.76, 185.51, 1.0, 1.0, 0.0]","[-36.46, 6.23, 138.51, 42.22, -65.76, 185.51, 1.0, 1.0, 0.0]",0.9999999999999999,30,6,2194,0
"[-36.46, 6.23, 138.51, 42.22, -65.76, 185.51, 1.0, 1.0, 0.0]","[-36.46, 6.23, 138.51, 42.22, -65.76, 185.51, 1.0, 1.0, 0.0]",1.0333333333333332,31,6,2195,0
"[-36.46, 6.23, 138.51, 42.22, -65.76, 185.51, 1.0, 1.0, 0.0]","[-36.46, 6.23, 138.51, 42.22, -65.76, 185.51, 1.0, 1.0, 0.0]",1.0666666666666667,32,6,2196,0
"[-36.46, 6.23, 138.51, 42.22, -65.76, 185.51, 1.0, 1.0, 0.0]","[-36.46, 6.23, 138.51, 42.22, -65.76, 185.51, 1.0, 1.0, 0.0]",1.1,33,6,2197,0
"[-36.46, 6.23, 138.51, 42.22, -65.76, 185.51, 1.0, 1.0, 0.0]","[-36.46, 6.23, 138.51, 42.22, -65.76, 185.51, 1.0, 1.0, 0.0]",1.1333333333333335,34,6,2198,0
"[-36.46, 6.23, 138.51, 42.22, -65.76, 185.51, 1.0, 1.0, 0.0]","[-36.46, 6.23, 138.51, 42.22, -65.76, 185.51, 1.0, 1.0, 0.0]",1.166666666666667,35,6,2199,0
"[-36.46, 6.23, 138.51, 42.22, -65.76, 185.51, 1.0, 1.0, 0.0]","[-36.46, 6.23, 138.51, 42.22, -65.76, 185.51, 1.0, 1.0, 0.0]",1.2000000000000004,36,6,2200,0
"[-36.46, 6.23, 138.51, 42.22, -65.76, 185.51, 1.0, 1.0, 0.0]","[-36.46, 6.23, 138.51, 42.22, -65.76, 185.51, 1.0, 1.0, 0.0]",1.2333333333333338,37,6,2201,0
"[-36.46, 6.23, 138.51, 42.22, -65.76, 185.51, 1.0, 1.0, 0.0]","[-36.46, 6.23, 138.51, 42.22, -65.76, 185.51, 1.0, 1.0, 0.0]",1.2666666666666673,38,6,2202,0
"[-36.46, 6.23, 138.51, 42.22, -65.76, 185.51, 1.0, 1.0, 0.0]","[-36.46, 6.23, 138.51, 42.22, -65.76, 185.51, 1.0, 1.0, 0.0]",1.3000000000000007,39,6,2203,0
"[-36.46, 6.23, 138.51, 42.22, -65.76, 185.51, 1.0, 1.0, 0.0]","[-36.46, 6.23, 138.51, 42.22, -65.76, 185.51, 1.0, 1.0, 0.0]",1.3333333333333341,40,6,2204,0
"[-36.46, 6.23, 138.51, 42.22, -65.76, 185.51, 1.0, 1.0, 0.0]","[-36.46, 6.23, 138.51, 42.22, -65.76, 185.51, 1.0, 1.0, 0.0]",1.3666666666666676,41,6,2205,0
"[-36.46, 6.23, 138.51, 42.22, -65.76, 185.51, 1.0, 1.0, 0.0]","[-36.46, 6.23, 138.51, 42.22, -65.76, 185.51, 1.0, 1.0, 0.0]",1.400000000000001,42,6,2206,0
"[-36.46, 6.23, 138.51, 42.22, -65.76, 185.51, 1.0, 1.0, 0.0]","[-36.46, 6.23, 138.51, 42.22, -65.76, 185.51, 1.0, 1.0, 0.0]",1.4333333333333345,43,6,2207,0
"[-36.46, 6.23, 138.51, 42.22, -65.76, 185.51, 1.0, 1.0, 0.0]","[-36.46, 6.23, 138.51, 42.22, -65.76, 185.51, 1.0, 1.0, 0.0]",1.466666666666668,44,6,2208,0
"[-36.46, 6.23, 138.51, 42.22, -65.76, 185.51, 1.0, 1.0, 0.0]","[-36.46, 6.23, 138.51, 42.22, -65.76, 185.51, 1.0, 1.0, 0.0]",1.5000000000000013,45,6,2209,0
"[-36.46, 6.23, 138.51, 42.22, -65.76, 185.51, 1.0, 1.0, 0.0]","[-36.46, 6.23, 138.51, 42.22, -65.76, 185.51, 1.0, 1.0, 0.0]",1.5333333333333348,46,6,2210,0
"[-36.46, 6.23, 138.51, 42.22, -65.76, 185.51, 1.0, 1.0, 0.0]","[-36.46, 6.23, 138.51, 42.22, -65.76, 185.51, 1.0, 1.0, 0.0]",1.5666666666666682,47,6,2211,0
"[-36.46, 6.23, 138.51, 42.22, -65.76, 185.51, 1.0, 1.0, 0.0]","[-36.46, 6.23, 138.51, 42.22, -65.76, 185.51, 1.0, 1.0, 0.0]",1.6000000000000016,48,6,2212,0
"[-36.46, 6.23, 138.51, 42.22, -65.76, 185.51, 1.0, 1.0, 0.0]","[-36.46, 6.23, 138.51, 42.22, -65.76, 185.51, 1.0, 1.0, 0.0]",1.633333333333335,49,6,2213,0
"[-36.46, 6.23, 138.51, 42.22, -65.76, 185.51, 1.0, 1.0, 0.0]","[-36.46, 6.23, 138.51, 42.22, -65.76, 185.51, 1.0, 1.0, 0.0]",1.6666666666666685,50,6,2214,0
"[-36.46, 6.23, 138.51, 42.22, -65.76, 185.51, 1.0, 1.0, 0.0]","[-36.46, 6.23, 138.51, 42.22, -65.76, 185.51, 1.0, 1.0, 0.0]",1.700000000000002,51,6,2215,0
"[-36.46, 6.23, 138.51, 42.22, -65.76, 185.51, 1.0, 1.0, 0.0]","[-36.46, 6.23, 138.51, 42.22, -65.76, 185.51, 1.0, 1.0, 0.0]",1.7333333333333354,52,6,2216,0
"[-36.46, 6.23, 138.51, 42.22, -65.76, 185.51, 1.0, 1.0, 0.0]","[-36.46, 6.23, 138.51, 42.22, -65.76, 185.51, 1.0, 1.0, 0.0]",1.7666666666666688,53,6,2217,0
"[-36.46, 6.23, 138.51, 42.22, -65.76, 185.51, 1.0, 1.0, 0.0]","[-36.46, 6.23, 138.51, 42.22, -65.76, 185.51, 1.0, 1.0, 0.0]",1.8000000000000023,54,6,2218,0
"[-36.46, 6.23, 138.51, 42.22, -65.76, 185.51, 1.0, 1.0, 0.0]","[-36.46, 6.23, 138.51, 42.22, -65.76, 185.51, 1.0, 1.0, 0.0]",1.8333333333333357,55,6,2219,0
"[-36.46, 6.23, 138.51, 42.22, -65.76, 185.51, 1.0, 1.0, 0.0]","[-36.46, 6.23, 138.51, 42.22, -65.76, 185.51, 1.0, 1.0, 0.0]",1.8666666666666691,56,6,2220,0
"[-36.46, 6.23, 138.51, 42.22, -65.76, 185.51, 1.0, 1.0, 0.0]","[-36.46, 6.23, 138.51, 42.22, -65.76, 185.51, 1.0, 1.0, 0.0]",1.9000000000000026,57,6,2221,0
"[-36.46, 6.23, 138.51, 42.22, -65.76, 185.51, 1.0, 1.0, 0.0]","[-36.46, 6.23, 138.51, 42.22, -65.76, 185.51, 1.0, 1.0, 0.0]",1.933333333333336,58,6,2222,0
"[-36.46, 6.23, 138.51, 42.22, -65.76, 185.51, 1.0, 1.0, 0.0]","[-36.46, 6.23, 138.51, 42.22, -65.76, 185.51, 1.0, 1.0, 0.0]",1.9666666666666694,59,6,2223,0
"[-36.46, 6.23, 138.51, 42.22, -65.76, 185.51, 1.0, 1.0, 0.0]","[-36.46, 6.23, 138.51, 42.22, -65.76, 185.51, 1.0, 1.0, 0.0]",2.0000000000000027,60,6,2224,0
"[-36.46, 6.23, 138.51, 42.22, -65.76, 185.51, 1.0, 1.0, 0.0]","[-36.48, 6.22, 138.5, 42.24, -65.78, 185.51, 1.0, 1.0, 0.0]",2.033333333333336,61,6,2225,0
"[-36.48, 6.22, 138.5, 42.24, -65.78, 185.51, 1.0, 1.0, 0.0]","[-36.7, 6.07, 138.41, 42.53, -66.07, 185.48, 1.0, 1.0, 0.0]",2.066666666666669,62,6,2226,0
"[-36.7, 6.07, 138.41, 42.53, -66.07, 185.48, 1.0, 1.0, 0.0]","[-37.2, 5.74, 138.21, 43.17, -66.71, 185.41, 1.0, 1.0, 0.0]",2.1000000000000023,63,6,2227,0
"[-37.2, 5.74, 138.21, 43.17, -66.71, 185.41, 1.0, 1.0, 0.0]","[-38.1, 5.16, 137.86, 44.31, -67.87, 185.29, 1.0, 1.0, 0.0]",2.1333333333333355,64,6,2228,0
"[-38.1, 5.16, 137.86, 44.31, -67.87, 185.29, 1.0, 1.0, 0.0]","[-39.33, 4.36, 137.37, 45.88, -69.46, 185.12, 1.0, 1.0, 0.0]",2.1666666666666687,65,6,2229,0
"[-39.33, 4.36, 137.37, 45.88, -69.46, 185.12, 1.0, 1.0, 0.0]","[-40.77, 3.42, 136.81, 47.7, -71.3, 184.93, 1.0, 1.0, 0.0]",2.200000000000002,66,6,2230,0
"[-40.77, 3.42, 136.81, 47.7, -71.3, 184.93, 1.0, 1.0, 0.0]","[-42.28, 2.45, 136.21, 49.6, -73.22, 184.72, 1.0, 1.0, 0.0]",2.233333333333335,67,6,2231,0
"[-42.28, 2.45, 136.21, 49.6, -73.22, 184.72, 1.0, 1.0, 0.0]","[-43.27, 1.81, 135.82, 50.86, -74.49, 184.59, 1.0, 1.0, 0.0]",2.2666666666666684,68,6,2232,0
"[-43.27, 1.81, 135.82, 50.86, -74.49, 184.59, 1.0, 1.0, 0.0]","[-44.77, 0.83, 135.23, 52.77, -76.42, 184.39, 1.0, 1.0, 0.0]",2.3000000000000016,69,6,2233,0
"[-44.77, 0.83, 135.23, 52.77, -76.42, 184.39, 1.0, 1.0, 0.0]","[-46.28, -0.14, 134.64, 54.67, -78.34, 184.19, 1.0, 1.0, 0.0]",2.333333333333335,70,6,2234,0
"[-46.28, -0.14, 134.64, 54.67, -78.34, 184.19, 1.0, 1.0, 0.0]","[-47.75, -1.09, 134.06, 56.54, -80.23, 183.99, 1.0, 1.0, 0.0]",2.366666666666668,71,6,2235,0
"[-47.75, -1.09, 134.06, 56.54, -80.23, 183.99, 1.0, 1.0, 0.0]","[-49.25, -2.07, 133.47, 58.44, -82.15, 183.79, 1.0, 1.0, 0.0]",2.4000000000000012,72,6,2236,0
"[-49.25, -2.07, 133.47, 58.44, -82.15, 183.79, 1.0, 1.0, 0.0]","[-50.75, -3.04, 132.87, 60.35, -84.08, 183.58, 1.0, 1.0, 0.0]",2.4333333333333345,73,6,2237,0
"[-50.75, -3.04, 132.87, 60.35, -84.08, 183.58, 1.0, 1.0, 0.0]","[-51.74, -3.68, 132.48, 61.6, -85.35, 183.45, 1.0, 1.0, 0.0]",2.4666666666666677,74,6,2238,0
"[-51.74, -3.68, 132.48, 61.6, -85.35, 183.45, 1.0, 1.0, 0.0]","[-53.75, -4.99, 131.69, 64.16, -87.93, 183.18, 1.0, 1.0, 0.0]",2.500000000000001,75,6,2239,0
"[-53.75, -4.99, 131.69, 64.16, -87.93, 183.18, 1.0, 1.0, 0.0]","[-54.75, -5.63, 131.3, 65.41, -89.2, 183.05, 1.0, 1.0, 0.0]",2.533333333333334,76,6,2240,0
"[-54.75, -5.63, 131.3, 65.41, -89.2, 183.05, 1.0, 1.0, 0.0]","[-56.24, -6.6, 130.71, 67.31, -91.12, 182.85, 1.0, 1.0, 0.0]",2.5666666666666673,77,6,2241,0
"[-56.24, -6.6, 130.71, 67.31, -91.12, 182.85, 1.0, 1.0, 0.0]","[-57.75, -7.58, 130.12, 69.22, -93.04, 182.64, 1.0, 1.0, 0.0]",2.6000000000000005,78,6,2242,0
"[-57.75, -7.58, 130.12, 69.22, -93.04, 182.64, 1.0, 1.0, 0.0]","[-59.25, -8.55, 129.52, 71.12, -94.97, 182.44, 1.0, 1.0, 0.0]",2.6333333333333337,79,6,2243,0
"[-59.25, -8.55, 129.52, 71.12, -94.97, 182.44, 1.0, 1.0, 0.0]","[-60.72, -9.5, 128.95, 72.99, -96.85, 182.24, 1.0, 1.0, 0.0]",2.666666666666667,80,6,2244,0
"[-60.72, -9.5, 128.95, 72.99, -96.85, 182.24, 1.0, 1.0, 0.0]","[-62.22, -10.48, 128.35, 74.89, -98.78, 182.04, 1.0, 1.0, 0.0]",2.7,81,6,2245,0
"[-62.22, -10.48, 128.35, 74.89, -98.78, 182.04, 1.0, 1.0, 0.0]","[-63.7, -11.45, 127.76, 76.79, -100.68, 181.84, 1.0, 1.0, 0.0]",2.7333333333333334,82,6,2246,0
"[-63.7, -11.45, 127.76, 76.79, -100.68, 181.84, 1.0, 1.0, 0.0]","[-65.0, -12.41, 127.13, 78.69, -102.38, 181.66, 1.0, 1.0, 0.0]",2.7666666666666666,83,6,2247,0
"[-65.0, -12.41, 127.13, 78.69, -102.38, 181.66, 1.0, 1.0, 0.0]","[-65.62, -13.04, 126.67, 79.95, -103.25, 181.56, 1.0, 1.0, 0.0]",2.8,84,6,2248,0
"[-65.62, -13.04, 126.67, 79.95, -103.25, 181.56, 1.0, 1.0, 0.0]","[-66.0, -13.96, 125.87, 81.85, -103.95, 181.48, 1.0, 1.0, 0.0]",2.833333333333333,85,6,2249,0
"[-66.0, -13.96, 125.87, 81.85, -103.95, 181.48, 1.0, 1.0, 0.0]","[-65.55, -14.92, 124.84, 83.9, -103.75, 181.48, 1.0, 1.0, 0.0]",2.8666666666666663,86,6,2250,0
"[-65.55, -14.92, 124.84, 83.9, -103.75, 181.48, 1.0, 1.0, 0.0]","[-64.51, -15.75, 123.81, 85.73, -102.89, 181.54, 1.0, 1.0, 0.0]",2.8999999999999995,87,6,2251,0
"[-64.51, -15.75, 123.81, 85.73, -102.89, 181.54, 1.0, 1.0, 0.0]","[-63.59, -16.31, 123.06, 87.0, -102.08, 181.61, 1.0, 1.0, 0.0]",2.9333333333333327,88,6,2252,0
"[-63.59, -16.31, 123.06, 87.0, -102.08, 181.61, 1.0, 1.0, 0.0]","[-62.15, -17.12, 121.94, 88.83, -100.8, 181.71, 1.0, 1.0, 0.0]",2.966666666666666,89,6,2253,0
"[-62.15, -17.12, 121.94, 88.83, -100.8, 181.71, 1.0, 1.0, 0.0]","[-61.19, -17.65, 121.21, 90.05, -99.94, 181.78, 1.0, 1.0, 0.0]",2.999999999999999,90,6,2254,0
"[-61.19, -17.65, 121.21, 90.05, -99.94, 181.78, 1.0, 1.0, 0.0]","[-59.74, -18.46, 120.1, 91.88, -98.64, 181.89, 1.0, 1.0, 0.0]",3.0333333333333323,91,6,2255,0
"[-59.74, -18.46, 120.1, 91.88, -98.64, 181.89, 1.0, 1.0, 0.0]","[-58.79, -19.0, 119.37, 93.09, -97.78, 181.95, 1.0, 1.0, 0.0]",3.0666666666666655,92,6,2256,0
"[-58.79, -19.0, 119.37, 93.09, -97.78, 181.95, 1.0, 1.0, 0.0]","[-57.35, -19.81, 118.25, 94.93, -96.49, 182.06, 1.0, 1.0, 0.0]",3.0999999999999988,93,6,2257,0
"[-57.35, -19.81, 118.25, 94.93, -96.49, 182.06, 1.0, 1.0, 0.0]","[-56.4, -20.34, 117.52, 96.14, -95.64, 182.13, 1.0, 1.0, 0.0]",3.133333333333332,94,6,2258,0
"[-56.4, -20.34, 117.52, 96.14, -95.64, 182.13, 1.0, 1.0, 0.0]","[-54.46, -21.43, 116.03, 98.6, -93.9, 182.27, 1.0, 1.0, 0.0]",3.166666666666665,95,6,2259,0
"[-54.46, -21.43, 116.03, 98.6, -93.9, 182.27, 1.0, 1.0, 0.0]","[-53.05, -22.22, 114.94, 100.39, -92.64, 182.37, 1.0, 1.0, 0.0]",3.1999999999999984,96,6,2260,0
"[-53.05, -22.22, 114.94, 100.39, -92.64, 182.37, 1.0, 1.0, 0.0]","[-52.07, -22.77, 114.19, 101.64, -91.76, 182.44, 1.0, 1.0, 0.0]",3.2333333333333316,97,6,2261,0
"[-52.07, -22.77, 114.19, 101.64, -91.76, 182.44, 1.0, 1.0, 0.0]","[-50.17, -23.85, 112.72, 104.06, -90.05, 182.58, 1.0, 1.0, 0.0]",3.266666666666665,98,6,2262,0
"[-50.17, -23.85, 112.72, 104.06, -90.05, 182.58, 1.0, 1.0, 0.0]","[-48.73, -24.66, 111.61, 105.9, -88.76, 182.68, 1.0, 1.0, 0.0]",3.299999999999998,99,6,2263,0
"[-48.73, -24.66, 111.61, 105.9, -88.76, 182.68, 1.0, 1.0, 0.0]","[-47.3, -25.47, 110.51, 107.73, -87.47, 182.79, 1.0, 1.0, 0.0]",3.3333333333333313,100,6,2264,0
"[-47.3, -25.47, 110.51, 107.73, -87.47, 182.79, 1.0, 1.0, 0.0]","[-46.38, -25.99, 109.81, 108.91, -86.67, 182.84, 1.0, 1.0, 0.0]",3.3666666666666645,101,6,2265,0
"[-46.38, -25.99, 109.81, 108.91, -86.67, 182.84, 1.0, 1.0, 0.0]","[-45.12, -26.75, 108.91, 110.52, -85.75, 182.87, 1.0, 1.0, 0.0]",3.3999999999999977,102,6,2266,0
"[-45.12, -26.75, 108.91, 110.52, -85.75, 182.87, 1.0, 1.0, 0.0]","[-44.18, -27.44, 108.38, 111.78, -85.43, 182.78, 1.0, 1.0, 0.0]",3.433333333333331,103,6,2267,0
"[-44.18, -27.44, 108.38, 111.78, -85.43, 182.78, 1.0, 1.0, 0.0]","[-43.66, -28.0, 108.35, 112.54, -85.93, 182.53, 1.0, 1.0, 0.0]",3.466666666666664,104,6,2268,0
"[-43.66, -28.0, 108.35, 112.54, -85.93, 182.53, 1.0, 1.0, 0.0]","[-43.51, -28.46, 108.72, 112.88, -87.1, 182.14, 1.0, 1.0, 0.0]",3.4999999999999973,105,6,2269,0
"[-43.51, -28.46, 108.72, 112.88, -87.1, 182.14, 1.0, 1.0, 0.0]","[-43.55, -28.85, 109.3, 112.97, -88.6, 181.69, 1.0, 1.0, 0.0]",3.5333333333333306,106,6,2270,0
"[-43.55, -28.85, 109.3, 112.97, -88.6, 181.69, 1.0, 1.0, 0.0]","[-43.67, -29.22, 109.97, 112.99, -90.23, 181.23, 1.0, 1.0, 0.0]",3.5666666666666638,107,6,2271,0
"[-43.67, -29.22, 109.97, 112.99, -90.23, 181.23, 1.0, 1.0, 0.0]","[-43.75, -29.47, 110.42, 113.0, -91.35, 180.91, 1.0, 1.0, 0.0]",3.599999999999997,108,6,2272,0
"[-43.75, -29.47, 110.42, 113.0, -91.35, 180.91, 1.0, 1.0, 0.0]","[-43.87, -29.85, 111.12, 113.01, -93.05, 180.42, 1.0, 1.0, 0.0]",3.63333333333333,109,6,2273,0
"[-43.87, -29.85, 111.12, 113.01, -93.05, 180.42, 1.0, 1.0, 0.0]","[-43.99, -30.22, 111.78, 113.03, -94.69, 179.95, 1.0, 1.0, 0.0]",3.6666666666666634,110,6,2274,0
"[-43.99, -30.22, 111.78, 113.03, -94.69, 179.95, 1.0, 1.0, 0.0]","[-44.06, -30.46, 112.22, 113.03, -95.77, 179.64, 1.0, 1.0, 0.0]",3.6999999999999966,111,6,2275,0
"[-44.06, -30.46, 112.22, 113.03, -95.77, 179.64, 1.0, 1.0, 0.0]","[-44.22, -30.95, 113.11, 113.05, -97.95, 179.01, 1.0, 1.0, 0.0]",3.73333333333333,112,6,2276,0
"[-44.22, -30.95, 113.11, 113.05, -97.95, 179.01, 1.0, 1.0, 0.0]","[-44.33, -31.32, 113.76, 113.07, -99.55, 178.56, 1.0, 1.0, 0.0]",3.766666666666663,113,6,2277,0
"[-44.33, -31.32, 113.76, 113.07, -99.55, 178.56, 1.0, 1.0, 0.0]","[-44.45, -31.68, 114.42, 113.08, -101.19, 178.09, 1.0, 1.0, 0.0]",3.7999999999999963,114,6,2278,0
"[-44.45, -31.68, 114.42, 113.08, -101.19, 178.09, 1.0, 1.0, 0.0]","[-44.53, -31.93, 114.86, 113.09, -102.26, 177.78, 1.0, 1.0, 0.0]",3.8333333333333295,115,6,2279,0
"[-44.53, -31.93, 114.86, 113.09, -102.26, 177.78, 1.0, 1.0, 0.0]","[-44.64, -32.29, 115.52, 113.1, -103.89, 177.32, 1.0, 1.0, 0.0]",3.8666666666666627,116,6,2280,0
"[-44.64, -32.29, 115.52, 113.1, -103.89, 177.32, 1.0, 1.0, 0.0]","[-44.76, -32.66, 116.18, 113.12, -105.53, 176.85, 1.0, 1.0, 0.0]",3.899999999999996,117,6,2281,0
"[-44.76, -32.66, 116.18, 113.12, -105.53, 176.85, 1.0, 1.0, 0.0]","[-44.87, -33.03, 116.85, 113.13, -107.16, 176.38, 1.0, 1.0, 0.0]",3.933333333333329,118,6,2282,0
"[-44.87, -33.03, 116.85, 113.13, -107.16, 176.38, 1.0, 1.0, 0.0]","[-44.99, -33.4, 117.51, 113.14, -108.79, 175.91, 1.0, 1.0, 0.0]",3.9666666666666623,119,6,2283,0
"[-44.99, -33.4, 117.51, 113.14, -108.79, 175.91, 1.0, 1.0, 0.0]","[-45.07, -33.64, 117.95, 113.15, -109.87, 175.61, 1.0, 1.0, 0.0]",3.9999999999999956,120,6,2284,0
"[-45.07, -33.64, 117.95, 113.15, -109.87, 175.61, 1.0, 1.0, 0.0]","[-45.22, -34.13, 118.84, 113.17, -112.06, 174.98, 1.0, 1.0, 0.0]",4.033333333333329,121,6,2285,0
"[-45.22, -34.13, 118.84, 113.17, -112.06, 174.98, 1.0, 1.0, 0.0]","[-45.3, -34.38, 119.28, 113.18, -113.13, 174.67, 1.0, 1.0, 0.0]",4.066666666666662,122,6,2286,0
"[-45.3, -34.38, 119.28, 113.18, -113.13, 174.67, 1.0, 1.0, 0.0]","[-45.41, -34.75, 119.94, 113.19, -114.76, 174.2, 1.0, 1.0, 0.0]",4.099999999999995,123,6,2287,0
"[-45.41, -34.75, 119.94, 113.19, -114.76, 174.2, 1.0, 1.0, 0.0]","[-45.57, -35.23, 120.81, 113.21, -116.92, 173.58, 1.0, 1.0, 0.0]",4.133333333333328,124,6,2288,0
"[-45.57, -35.23, 120.81, 113.21, -116.92, 173.58, 1.0, 1.0, 0.0]","[-45.64, -35.48, 121.27, 113.22, -118.03, 173.27, 1.0, 1.0, 0.0]",4.166666666666662,125,6,2289,0
"[-45.64, -35.48, 121.27, 113.22, -118.03, 173.27, 1.0, 1.0, 0.0]","[-45.76, -35.84, 121.92, 113.24, -119.63, 172.81, 1.0, 1.0, 0.0]",4.199999999999995,126,6,2290,0
"[-45.76, -35.84, 121.92, 113.24, -119.63, 172.81, 1.0, 1.0, 0.0]","[-45.87, -36.21, 122.58, 113.25, -121.26, 172.34, 1.0, 1.0, 0.0]",4.233333333333328,127,6,2291,0
"[-45.87, -36.21, 122.58, 113.25, -121.26, 172.34, 1.0, 1.0, 0.0]","[-45.99, -36.58, 123.24, 113.26, -122.88, 171.87, 1.0, 1.0, 0.0]",4.266666666666661,128,6,2292,0
"[-45.99, -36.58, 123.24, 113.26, -122.88, 171.87, 1.0, 1.0, 0.0]","[-46.04, -36.81, 123.66, 113.28, -123.91, 171.57, 1.0, 1.0, 0.0]",4.2999999999999945,129,6,2293,0
"[-46.04, -36.81, 123.66, 113.28, -123.91, 171.57, 1.0, 1.0, 0.0]","[-45.94, -37.23, 124.37, 113.37, -125.52, 171.03, 1.0, 1.0, 0.0]",4.333333333333328,130,6,2294,0
"[-45.94, -37.23, 124.37, 113.37, -125.52, 171.03, 1.0, 1.0, 0.0]","[-45.74, -37.38, 124.6, 113.45, -125.93, 170.82, 1.0, 1.0, 0.0]",4.366666666666661,131,6,2295,0
"[-45.74, -37.38, 124.6, 113.45, -125.93, 170.82, 1.0, 1.0, 0.0]","[-45.12, -37.54, 124.77, 113.66, -125.97, 170.56, 1.0, 1.0, 0.0]",4.399999999999994,132,6,2296,0
"[-45.12, -37.54, 124.77, 113.66, -125.97, 170.56, 1.0, 1.0, 0.0]","[-44.76, -37.56, 124.76, 113.77, -125.73, 170.5, 1.0, 1.0, 0.0]",4.433333333333327,133,6,2297,0
"[-44.76, -37.56, 124.76, 113.77, -125.73, 170.5, 1.0, 1.0, 0.0]","[-44.4, -37.57, 124.71, 113.88, -125.4, 170.46, 1.0, 1.0, 0.0]",4.466666666666661,134,6,2298,0
"[-44.4, -37.57, 124.71, 113.88, -125.4, 170.46, 1.0, 1.0, 0.0]","[-43.66, -37.58, 124.59, 114.11, -124.67, 170.4, 1.0, 1.0, 0.0]",4.499999999999994,135,6,2299,0
"[-43.66, -37.58, 124.59, 114.11, -124.67, 170.4, 1.0, 1.0, 0.0]","[-43.13, -37.58, 124.5, 114.27, -124.13, 170.36, 1.0, 1.0, 0.0]",4.533333333333327,136,6,2300,0
"[-43.13, -37.58, 124.5, 114.27, -124.13, 170.36, 1.0, 1.0, 0.0]","[-42.58, -37.58, 124.41, 114.44, -123.58, 170.31, 1.0, 1.0, 0.0]",4.56666666666666,137,6,2301,0
"[-42.58, -37.58, 124.41, 114.44, -123.58, 170.31, 1.0, 1.0, 0.0]","[-42.03, -37.58, 124.32, 114.61, -123.04, 170.27, 1.0, 1.0, 0.0]",4.599999999999993,138,6,2302,0
"[-42.03, -37.58, 124.32, 114.61, -123.04, 170.27, 1.0, 1.0, 0.0]","[-41.48, -37.58, 124.22, 114.77, -122.49, 170.22, 1.0, 1.0, 0.0]",4.633333333333327,139,6,2303,0
"[-41.48, -37.58, 124.22, 114.77, -122.49, 170.22, 1.0, 1.0, 0.0]","[-40.94, -37.58, 124.13, 114.94, -121.94, 170.18, 1.0, 1.0, 0.0]",4.66666666666666,140,6,2304,0
"[-40.94, -37.58, 124.13, 114.94, -121.94, 170.18, 1.0, 1.0, 0.0]","[-40.57, -37.58, 124.07, 115.05, -121.58, 170.15, 1.0, 1.0, 0.0]",4.699999999999993,141,6,2305,0
"[-40.57, -37.58, 124.07, 115.05, -121.58, 170.15, 1.0, 1.0, 0.0]","[-40.21, -37.58, 124.01, 115.16, -121.22, 170.12, 1.0, 1.0, 0.0]",4.733333333333326,142,6,2306,0
"[-40.21, -37.58, 124.01, 115.16, -121.22, 170.12, 1.0, 1.0, 0.0]","[-39.67, -37.58, 123.92, 115.33, -120.68, 170.07, 1.0, 1.0, 0.0]",4.7666666666666595,143,6,2307,0
"[-39.67, -37.58, 123.92, 115.33, -120.68, 170.07, 1.0, 1.0, 0.0]","[-39.3, -37.58, 123.86, 115.44, -120.32, 170.04, 1.0, 1.0, 0.0]",4.799999999999993,144,6,2308,0
"[-39.3, -37.58, 123.86, 115.44, -120.32, 170.04, 1.0, 1.0, 0.0]","[-38.57, -37.59, 123.73, 115.66, -119.58, 169.98, 1.0, 1.0, 0.0]",4.833333333333326,145,6,2309,0
"[-38.57, -37.59, 123.73, 115.66, -119.58, 169.98, 1.0, 1.0, 0.0]","[-38.02, -37.59, 123.64, 115.83, -119.04, 169.94, 1.0, 1.0, 0.0]",4.866666666666659,146,6,2310,0
"[-38.02, -37.59, 123.64, 115.83, -119.04, 169.94, 1.0, 1.0, 0.0]","[-37.47, -37.59, 123.55, 116.0, -118.49, 169.89, 1.0, 1.0, 0.0]",4.899999999999992,147,6,2311,0
"[-37.47, -37.59, 123.55, 116.0, -118.49, 169.89, 1.0, 1.0, 0.0]","[-36.94, -37.59, 123.46, 116.16, -117.96, 169.85, 1.0, 1.0, 0.0]",4.933333333333326,148,6,2312,0
"[-36.94, -37.59, 123.46, 116.16, -117.96, 169.85, 1.0, 1.0, 0.0]","[-36.39, -37.59, 123.37, 116.33, -117.41, 169.8, 1.0, 1.0, 0.0]",4.966666666666659,149,6,2313,0
"[-36.39, -37.59, 123.37, 116.33, -117.41, 169.8, 1.0, 1.0, 0.0]","[-36.02, -37.59, 123.3, 116.45, -117.04, 169.77, 1.0, 1.0, 0.0]",4.999999999999992,150,6,2314,0
"[-36.02, -37.59, 123.3, 116.45, -117.04, 169.77, 1.0, 1.0, 0.0]","[-35.49, -37.58, 123.22, 116.6, -116.52, 169.73, 1.0, 1.0, 0.0]",5.033333333333325,151,6,2315,0
"[-35.49, -37.58, 123.22, 116.6, -116.52, 169.73, 1.0, 1.0, 0.0]","[-35.04, -37.52, 123.15, 116.62, -116.1, 169.73, 1.0, 1.0, 0.0]",5.066666666666658,152,6,2316,0
"[-35.04, -37.52, 123.15, 116.62, -116.1, 169.73, 1.0, 1.0, 0.0]","[-34.76, -37.25, 123.15, 116.27, -115.98, 169.81, 1.0, 1.0, 0.0]",5.099999999999992,153,6,2317,0
"[-34.76, -37.25, 123.15, 116.27, -115.98, 169.81, 1.0, 1.0, 0.0]","[-34.73, -37.13, 123.17, 116.08, -116.01, 169.86, 1.0, 1.0, 0.0]",5.133333333333325,154,6,2318,0
"[-34.73, -37.13, 123.17, 116.08, -116.01, 169.86, 1.0, 1.0, 0.0]","[-34.7, -36.45, 123.29, 114.96, -116.38, 170.13, 1.0, 1.0, 0.0]",5.166666666666658,155,6,2319,0
"[-34.7, -36.45, 123.29, 114.96, -116.38, 170.13, 1.0, 1.0, 0.0]","[-34.71, -36.06, 123.36, 114.32, -116.61, 170.29, 1.0, 1.0, 0.0]",5.199999999999991,156,6,2320,0
"[-34.71, -36.06, 123.36, 114.32, -116.61, 170.29, 1.0, 1.0, 0.0]","[-34.73, -35.47, 123.47, 113.34, -116.96, 170.54, 1.0, 1.0, 0.0]",5.2333333333333245,157,6,2321,0
"[-34.73, -35.47, 123.47, 113.34, -116.96, 170.54, 1.0, 1.0, 0.0]","[-34.75, -34.88, 123.59, 112.36, -117.32, 170.78, 1.0, 1.0, 0.0]",5.266666666666658,158,6,2322,0
"[-34.75, -34.88, 123.59, 112.36, -117.32, 170.78, 1.0, 1.0, 0.0]","[-34.77, -34.28, 123.7, 111.37, -117.67, 171.03, 1.0, 1.0, 0.0]",5.299999999999991,159,6,2323,0
"[-34.77, -34.28, 123.7, 111.37, -117.67, 171.03, 1.0, 1.0, 0.0]","[-34.78, -33.69, 123.81, 110.39, -118.03, 171.27, 1.0, 1.0, 0.0]",5.333333333333324,160,6,2324,0
"[-34.78, -33.69, 123.81, 110.39, -118.03, 171.27, 1.0, 1.0, 0.0]","[-34.8, -33.11, 123.92, 109.43, -118.37, 171.51, 1.0, 1.0, 0.0]",5.366666666666657,161,6,2325,0
"[-34.8, -33.11, 123.92, 109.43, -118.37, 171.51, 1.0, 1.0, 0.0]","[-34.82, -32.52, 124.03, 108.44, -118.73, 171.75, 1.0, 1.0, 0.0]",5.399999999999991,162,6,2326,0
"[-34.82, -32.52, 124.03, 108.44, -118.73, 171.75, 1.0, 1.0, 0.0]","[-34.83, -31.93, 124.14, 107.46, -119.08, 171.99, 1.0, 1.0, 0.0]",5.433333333333324,163,6,2327,0
"[-34.83, -31.93, 124.14, 107.46, -119.08, 171.99, 1.0, 1.0, 0.0]","[-34.85, -31.34, 124.25, 106.48, -119.43, 172.24, 1.0, 1.0, 0.0]",5.466666666666657,164,6,2328,0
"[-34.85, -31.34, 124.25, 106.48, -119.43, 172.24, 1.0, 1.0, 0.0]","[-34.86, -30.94, 124.32, 105.83, -119.67, 172.4, 1.0, 1.0, 0.0]",5.49999999999999,165,6,2329,0
"[-34.86, -30.94, 124.32, 105.83, -119.67, 172.4, 1.0, 1.0, 0.0]","[-34.88, -30.35, 124.43, 104.85, -120.02, 172.64, 1.0, 1.0, 0.0]",5.5333333333333234,166,6,2330,0
"[-34.88, -30.35, 124.43, 104.85, -120.02, 172.64, 1.0, 1.0, 0.0]","[-34.9, -29.76, 124.55, 103.87, -120.37, 172.88, 1.0, 1.0, 0.0]",5.566666666666657,167,6,2331,0
"[-34.9, -29.76, 124.55, 103.87, -120.37, 172.88, 1.0, 1.0, 0.0]","[-34.91, -29.13, 124.64, 102.82, -120.75, 173.14, 1.0, 1.0, 0.0]",5.59999999999999,168,6,2332,0
"[-34.91, -29.13, 124.64, 102.82, -120.75, 173.14, 1.0, 1.0, 0.0]","[-34.93, -28.63, 124.57, 102.0, -121.08, 173.35, 1.0, 1.0, 0.0]",5.633333333333323,169,6,2333,0
"[-34.93, -28.63, 124.57, 102.0, -121.08, 173.35, 1.0, 1.0, 0.0]","[-34.93, -28.4, 124.36, 101.62, -121.26, 173.46, 1.0, 1.0, 0.0]",5.666666666666656,170,6,2334,0
"[-34.93, -28.4, 124.36, 101.62, -121.26, 173.46, 1.0, 1.0, 0.0]","[-34.94, -28.21, 123.8, 101.31, -121.48, 173.57, 1.0, 1.0, 0.0]",5.6999999999999895,171,6,2335,0
"[-34.94, -28.21, 123.8, 101.31, -121.48, 173.57, 1.0, 1.0, 0.0]","[-34.95, -28.16, 123.09, 101.23, -121.65, 173.63, 1.0, 1.0, 0.0]",5.733333333333323,172,6,2336,0
"[-34.95, -28.16, 123.09, 101.23, -121.65, 173.63, 1.0, 1.0, 0.0]","[-34.95, -28.15, 122.34, 101.23, -121.78, 173.68, 1.0, 1.0, 0.0]",5.766666666666656,173,6,2337,0
"[-34.95, -28.15, 122.34, 101.23, -121.78, 173.68, 1.0, 1.0, 0.0]","[-34.95, -28.15, 121.86, 101.23, -121.87, 173.7, 1.0, 1.0, 0.0]",5.799999999999989,174,6,2338,0
"[-34.95, -28.15, 121.86, 101.23, -121.87, 173.7, 1.0, 1.0, 0.0]","[-34.95, -28.15, 120.87, 101.24, -122.05, 173.76, 1.0, 1.0, 0.0]",5.833333333333322,175,6,2339,0
"[-34.95, -28.15, 120.87, 101.24, -122.05, 173.76, 1.0, 1.0, 0.0]","[-34.94, -28.15, 120.4, 101.24, -122.13, 173.79, 1.0, 1.0, 0.0]",5.866666666666656,176,6,2340,0
"[-34.94, -28.15, 120.4, 101.24, -122.13, 173.79, 1.0, 1.0, 0.0]","[-34.69, -28.22, 119.71, 101.25, -122.19, 173.91, 1.0, 1.0, 0.0]",5.899999999999989,177,6,2341,0
"[-34.69, -28.22, 119.71, 101.25, -122.19, 173.91, 1.0, 1.0, 0.0]","[-34.35, -28.32, 119.57, 101.25, -122.15, 174.03, 1.0, 1.0, 0.0]",5.933333333333322,178,6,2342,0
"[-34.35, -28.32, 119.57, 101.25, -122.15, 174.03, 1.0, 1.0, 0.0]","[-33.52, -28.56, 119.55, 101.25, -121.98, 174.3, 1.0, 1.0, 0.0]",5.966666666666655,179,6,2343,0
"[-33.52, -28.56, 119.55, 101.25, -121.98, 174.3, 1.0, 1.0, 0.0]","[-32.72, -28.79, 119.61, 101.25, -121.8, 174.56, 1.0, 1.0, 0.0]",5.9999999999999885,180,6,2344,0
"[-32.72, -28.79, 119.61, 101.25, -121.8, 174.56, 1.0, 1.0, 0.0]","[-31.36, -29.18, 119.7, 101.25, -121.5, 174.99, 1.0, 1.0, 0.0]",6.033333333333322,181,6,2345,0
"[-31.36, -29.18, 119.7, 101.25, -121.5, 174.99, 1.0, 1.0, 0.0]","[-29.88, -29.61, 119.81, 101.24, -121.17, 175.46, 1.0, 1.0, 0.0]",6.066666666666655,182,6,2346,0
"[-29.88, -29.61, 119.81, 101.24, -121.17, 175.46, 1.0, 1.0, 0.0]","[-28.86, -29.9, 119.88, 101.24, -120.94, 175.78, 1.0, 1.0, 0.0]",6.099999999999988,183,6,2347,0
"[-28.86, -29.9, 119.88, 101.24, -120.94, 175.78, 1.0, 1.0, 0.0]","[-26.88, -30.46, 120.02, 101.24, -120.5, 176.41, 1.0, 1.0, 0.0]",6.133333333333321,184,6,2348,0
"[-26.88, -30.46, 120.02, 101.24, -120.5, 176.41, 1.0, 1.0, 0.0]","[-25.39, -30.89, 120.13, 101.23, -120.17, 176.88, 1.0, 1.0, 0.0]",6.1666666666666545,185,6,2349,0
"[-25.39, -30.89, 120.13, 101.23, -120.17, 176.88, 1.0, 1.0, 0.0]","[-23.9, -31.32, 120.23, 101.23, -119.84, 177.35, 1.0, 1.0, 0.0]",6.199999999999988,186,6,2350,0
"[-23.9, -31.32, 120.23, 101.23, -119.84, 177.35, 1.0, 1.0, 0.0]","[-22.41, -31.75, 120.34, 101.23, -119.51, 177.83, 1.0, 1.0, 0.0]",6.233333333333321,187,6,2351,0
"[-22.41, -31.75, 120.34, 101.23, -119.51, 177.83, 1.0, 1.0, 0.0]","[-21.42, -32.03, 120.41, 101.22, -119.29, 178.14, 1.0, 1.0, 0.0]",6.266666666666654,188,6,2352,0
"[-21.42, -32.03, 120.41, 101.22, -119.29, 178.14, 1.0, 1.0, 0.0]","[-19.93, -32.46, 120.52, 101.22, -118.96, 178.61, 1.0, 1.0, 0.0]",6.299999999999987,189,6,2353,0
"[-19.93, -32.46, 120.52, 101.22, -118.96, 178.61, 1.0, 1.0, 0.0]","[-18.95, -32.74, 120.59, 101.22, -118.74, 178.92, 1.0, 1.0, 0.0]",6.333333333333321,190,6,2354,0
"[-18.95, -32.74, 120.59, 101.22, -118.74, 178.92, 1.0, 1.0, 0.0]","[-16.98, -33.31, 120.73, 101.21, -118.3, 179.55, 1.0, 1.0, 0.0]",6.366666666666654,191,6,2355,0
"[-16.98, -33.31, 120.73, 101.21, -118.3, 179.55, 1.0, 1.0, 0.0]","[-15.49, -33.74, 120.83, 101.21, -117.97, 180.02, 1.0, 1.0, 0.0]",6.399999999999987,192,6,2356,0
"[-15.49, -33.74, 120.83, 101.21, -117.97, 180.02, 1.0, 1.0, 0.0]","[-14.0, -34.17, 120.94, 101.21, -117.63, 180.49, 1.0, 1.0, 0.0]",6.43333333333332,193,6,2357,0
"[-14.0, -34.17, 120.94, 101.21, -117.63, 180.49, 1.0, 1.0, 0.0]","[-12.5, -34.59, 121.05, 101.21, -117.3, 180.97, 1.0, 1.0, 0.0]",6.4666666666666535,194,6,2358,0
"[-12.5, -34.59, 121.05, 101.21, -117.3, 180.97, 1.0, 1.0, 0.0]","[-11.01, -35.02, 121.15, 101.2, -116.97, 181.44, 1.0, 1.0, 0.0]",6.499999999999987,195,6,2359,0
"[-11.01, -35.02, 121.15, 101.2, -116.97, 181.44, 1.0, 1.0, 0.0]","[-10.03, -35.31, 121.22, 101.2, -116.75, 181.75, 1.0, 1.0, 0.0]",6.53333333333332,196,6,2360,0
"[-10.03, -35.31, 121.22, 101.2, -116.75, 181.75, 1.0, 1.0, 0.0]","[-8.54, -35.73, 121.33, 101.2, -116.42, 182.23, 1.0, 1.0, 0.0]",6.566666666666653,197,6,2361,0
"[-8.54, -35.73, 121.33, 101.2, -116.42, 182.23, 1.0, 1.0, 0.0]","[-7.05, -36.16, 121.43, 101.19, -116.08, 182.7, 1.0, 1.0, 0.0]",6.599999999999986,198,6,2362,0
"[-7.05, -36.16, 121.43, 101.19, -116.08, 182.7, 1.0, 1.0, 0.0]","[-5.49, -36.61, 121.54, 101.19, -115.74, 183.19, 1.0, 1.0, 0.0]",6.6333333333333195,199,6,2363,0
"[-5.49, -36.61, 121.54, 101.19, -115.74, 183.19, 1.0, 1.0, 0.0]","[-4.0, -37.04, 121.65, 101.19, -115.41, 183.66, 1.0, 1.0, 0.0]",6.666666666666653,200,6,2364,0
"[-4.0, -37.04, 121.65, 101.19, -115.41, 183.66, 1.0, 1.0, 0.0]","[-2.51, -37.47, 121.76, 101.18, -115.07, 184.14, 1.0, 1.0, 0.0]",6.699999999999986,201,6,2365,0
"[-2.51, -37.47, 121.76, 101.18, -115.07, 184.14, 1.0, 1.0, 0.0]","[-1.02, -37.9, 121.86, 101.18, -114.74, 184.61, 1.0, 1.0, 0.0]",6.733333333333319,202,6,2366,0
"[-1.02, -37.9, 121.86, 101.18, -114.74, 184.61, 1.0, 1.0, 0.0]","[-0.54, -38.03, 121.9, 101.18, -114.64, 184.76, 1.0, 1.0, 0.0]",6.766666666666652,203,6,2367,0
"[-0.54, -38.03, 121.9, 101.18, -114.64, 184.76, 1.0, 1.0, 0.0]","[1.46, -38.61, 122.04, 101.18, -114.19, 185.4, 1.0, 1.0, 0.0]",6.799999999999986,204,6,2368,0
"[1.46, -38.61, 122.04, 101.18, -114.19, 185.4, 1.0, 1.0, 0.0]","[2.95, -39.04, 122.15, 101.17, -113.86, 185.87, 1.0, 1.0, 0.0]",6.833333333333319,205,6,2369,0
"[2.95, -39.04, 122.15, 101.17, -113.86, 185.87, 1.0, 1.0, 0.0]","[4.44, -39.46, 122.25, 101.17, -113.53, 186.34, 1.0, 1.0, 0.0]",6.866666666666652,206,6,2370,0
"[4.44, -39.46, 122.25, 101.17, -113.53, 186.34, 1.0, 1.0, 0.0]","[5.86, -39.87, 122.35, 101.17, -113.21, 186.79, 1.0, 1.0, 0.0]",6.899999999999985,207,6,2371,0
"[5.86, -39.87, 122.35, 101.17, -113.21, 186.79, 1.0, 1.0, 0.0]","[7.13, -40.24, 122.44, 101.16, -112.93, 187.19, 1.0, 1.0, 0.0]",6.9333333333333185,208,6,2372,0
"[7.13, -40.24, 122.44, 101.16, -112.93, 187.19, 1.0, 1.0, 0.0]","[7.8, -40.43, 122.49, 101.16, -112.78, 187.41, 1.0, 1.0, 0.0]",6.966666666666652,209,6,2373,0
"[7.8, -40.43, 122.49, 101.16, -112.78, 187.41, 1.0, 1.0, 0.0]","[8.56, -40.64, 122.54, 101.16, -112.61, 187.64, 1.0, 1.0, 0.0]",6.999999999999985,210,6,2374,0
"[8.56, -40.64, 122.54, 101.16, -112.61, 187.64, 1.0, 1.0, 0.0]","[8.74, -40.69, 122.56, 101.16, -112.57, 187.69, 1.0, 1.0, 0.0]",7.033333333333318,211,6,2375,0
"[8.74, -40.69, 122.56, 101.16, -112.57, 187.69, 1.0, 1.0, 0.0]","[8.76, -40.7, 122.56, 101.16, -112.57, 187.7, 1.0, 1.0, 0.0]",7.066666666666651,212,6,2376,0
"[8.76, -40.7, 122.56, 101.16, -112.57, 187.7, 1.0, 1.0, 0.0]","[8.76, -40.7, 122.56, 101.16, -112.57, 187.7, 1.0, 1.0, 0.0]",7.0999999999999845,213,6,2377,0
"[8.76, -40.7, 122.56, 101.16, -112.57, 187.7, 1.0, 1.0, 0.0]","[8.76, -40.7, 122.56, 101.16, -112.57, 187.7, 1.0, 1.0, 0.0]",7.133333333333318,214,6,2378,0
"[8.76, -40.7, 122.56, 101.16, -112.57, 187.7, 1.0, 1.0, 0.0]","[8.76, -40.7, 122.56, 101.16, -112.57, 187.7, 1.0, 1.0, 0.0]",7.166666666666651,215,6,2379,0
"[8.76, -40.7, 122.56, 101.16, -112.57, 187.7, 1.0, 1.0, 0.0]","[8.76, -40.7, 122.56, 101.16, -112.57, 187.7, 1.0, 1.0, 0.0]",7.199999999999984,216,6,2380,0
"[8.76, -40.7, 122.56, 101.16, -112.57, 187.7, 1.0, 1.0, 0.0]","[8.75, -40.7, 122.56, 101.16, -112.57, 187.7, 1.0, 1.0, 0.0]",7.233333333333317,217,6,2381,0
"[8.75, -40.7, 122.56, 101.16, -112.57, 187.7, 1.0, 1.0, 0.0]","[8.75, -40.7, 122.56, 101.16, -112.57, 187.7, 1.0, 1.0, 0.0]",7.266666666666651,218,6,2382,0
"[8.75, -40.7, 122.56, 101.16, -112.57, 187.7, 1.0, 1.0, 0.0]","[8.75, -40.7, 122.56, 101.16, -112.57, 187.7, 1.0, 1.0, 0.0]",7.299999999999984,219,6,2383,0
"[8.75, -40.7, 122.56, 101.16, -112.57, 187.7, 1.0, 1.0, 0.0]","[8.75, -40.7, 122.56, 101.16, -112.57, 187.7, 1.0, 1.0, 0.0]",7.333333333333317,220,6,2384,0
"[8.75, -40.7, 122.56, 101.16, -112.57, 187.7, 1.0, 1.0, 0.0]","[8.75, -40.7, 122.56, 101.16, -112.57, 187.7, 1.0, 1.0, 0.0]",7.36666666666665,221,6,2385,0
"[8.75, -40.7, 122.56, 101.16, -112.57, 187.7, 1.0, 1.0, 0.0]","[8.75, -40.7, 122.56, 101.16, -112.57, 187.7, 1.0, 1.0, 0.0]",7.3999999999999835,222,6,2386,0
"[8.75, -40.7, 122.56, 101.16, -112.57, 187.7, 1.0, 1.0, 0.0]","[8.75, -40.7, 122.56, 101.16, -112.57, 187.7, 1.0, 1.0, 0.0]",7.433333333333317,223,6,2387,0
"[8.75, -40.7, 122.56, 101.16, -112.57, 187.7, 1.0, 1.0, 0.0]","[8.75, -40.7, 122.56, 101.16, -112.57, 187.7, 1.0, 1.0, 0.0]",7.46666666666665,224,6,2388,0
"[8.75, -40.7, 122.56, 101.16, -112.57, 187.7, 1.0, 1.0, 0.0]","[8.75, -40.7, 122.56, 101.16, -112.57, 187.7, 1.0, 1.0, 0.0]",7.499999999999983,225,6,2389,0
"[8.75, -40.7, 122.56, 101.16, -112.57, 187.7, 1.0, 1.0, 0.0]","[8.75, -40.7, 122.56, 101.16, -112.57, 187.7, 1.0, 1.0, 0.0]",7.533333333333316,226,6,2390,0
"[8.75, -40.7, 122.56, 101.16, -112.57, 187.7, 1.0, 1.0, 0.0]","[8.75, -40.7, 122.56, 101.16, -112.57, 187.7, 1.0, 1.0, 0.0]",7.5666666666666496,227,6,2391,0
"[8.75, -40.7, 122.56, 101.16, -112.57, 187.7, 1.0, 1.0, 0.0]","[8.75, -40.7, 122.56, 101.16, -112.57, 187.7, 1.0, 1.0, 0.0]",7.599999999999983,228,6,2392,0
"[8.75, -40.7, 122.56, 101.16, -112.57, 187.7, 1.0, 1.0, 0.0]","[8.75, -40.7, 122.56, 101.16, -112.57, 187.7, 1.0, 1.0, 0.0]",7.633333333333316,229,6,2393,0
"[8.75, -40.7, 122.56, 101.16, -112.57, 187.7, 1.0, 1.0, 0.0]","[8.75, -40.7, 122.56, 101.16, -112.57, 187.7, 1.0, 1.0, 0.0]",7.666666666666649,230,6,2394,0
"[8.75, -40.7, 122.56, 101.16, -112.57, 187.7, 1.0, 1.0, 0.0]","[8.75, -40.7, 122.56, 101.16, -112.57, 187.7, 1.0, 1.0, 0.0]",7.699999999999982,231,6,2395,0
"[8.75, -40.7, 122.56, 101.16, -112.57, 187.7, 1.0, 1.0, 0.0]","[8.75, -40.7, 122.56, 101.16, -112.57, 187.7, 1.0, 1.0, 0.0]",7.733333333333316,232,6,2396,0
"[8.75, -40.7, 122.56, 101.16, -112.57, 187.7, 1.0, 1.0, 0.0]","[8.75, -40.7, 122.56, 101.16, -112.57, 187.7, 1.0, 1.0, 0.0]",7.766666666666649,233,6,2397,0
"[8.75, -40.7, 122.56, 101.16, -112.57, 187.7, 1.0, 1.0, 0.0]","[8.75, -40.7, 122.56, 101.16, -112.57, 187.7, 1.0, 1.0, 0.0]",7.799999999999982,234,6,2398,0
"[8.75, -40.7, 122.56, 101.16, -112.57, 187.7, 1.0, 1.0, 0.0]","[8.75, -40.7, 122.56, 101.16, -112.57, 187.7, 1.0, 1.0, 0.0]",7.833333333333315,235,6,2399,0
"[8.75, -40.7, 122.56, 101.16, -112.57, 187.7, 1.0, 1.0, 0.0]","[8.75, -40.7, 122.56, 101.16, -112.57, 187.7, 1.0, 1.0, 0.0]",7.8666666666666485,236,6,2400,0
"[8.75, -40.7, 122.56, 101.16, -112.57, 187.7, 1.0, 1.0, 0.0]","[8.75, -40.7, 122.56, 101.16, -112.57, 187.7, 1.0, 1.0, 0.0]",7.899999999999982,237,6,2401,0
"[8.75, -40.7, 122.56, 101.16, -112.57, 187.7, 1.0, 1.0, 0.0]","[8.75, -40.7, 122.56, 101.16, -112.57, 187.7, 1.0, 1.0, 0.0]",7.933333333333315,238,6,2402,0
"[8.75, -40.7, 122.56, 101.16, -112.57, 187.7, 1.0, 1.0, 0.0]","[8.75, -40.7, 122.56, 101.16, -112.57, 187.7, 1.0, 1.0, 0.0]",7.966666666666648,239,6,2403,0
"[8.75, -40.7, 122.56, 101.16, -112.57, 187.7, 1.0, 1.0, 0.0]","[8.75, -40.7, 122.56, 101.16, -112.57, 187.7, 1.0, 1.0, 0.0]",7.999999999999981,240,6,2404,0
"[8.75, -40.7, 122.56, 101.16, -112.57, 187.7, 1.0, 1.0, 0.0]","[8.75, -40.7, 122.56, 101.16, -112.57, 187.7, 1.0, 1.0, 0.0]",8.033333333333315,241,6,2405,0
"[8.75, -40.7, 122.56, 101.16, -112.57, 187.7, 1.0, 1.0, 0.0]","[8.75, -40.7, 122.56, 101.16, -112.57, 187.7, 1.0, 1.0, 0.0]",8.066666666666649,242,6,2406,0
"[8.75, -40.7, 122.56, 101.16, -112.57, 187.7, 1.0, 1.0, 0.0]","[8.75, -40.7, 122.56, 101.16, -112.57, 187.7, 1.0, 1.0, 0.0]",8.099999999999982,243,6,2407,0
"[8.75, -40.7, 122.56, 101.16, -112.57, 187.7, 1.0, 1.0, 0.0]","[8.75, -40.7, 122.56, 101.16, -112.57, 187.7, 1.0, 1.0, 0.0]",8.133333333333315,244,6,2408,0
"[8.75, -40.7, 122.56, 101.16, -112.57, 187.7, 1.0, 1.0, 0.0]","[8.75, -40.7, 122.56, 101.16, -112.57, 187.7, 1.0, 1.0, 0.0]",8.166666666666648,245,6,2409,0
"[8.75, -40.7, 122.56, 101.16, -112.57, 187.7, 1.0, 1.0, 0.0]","[8.75, -40.7, 122.56, 101.16, -112.57, 187.7, 1.0, 1.0, 0.0]",8.199999999999982,246,6,2410,0
"[8.75, -40.7, 122.56, 101.16, -112.57, 187.7, 1.0, 1.0, 0.0]","[8.75, -40.7, 122.56, 101.16, -112.57, 187.7, 1.0, 1.0, 0.0]",8.233333333333315,247,6,2411,0
"[8.75, -40.7, 122.56, 101.16, -112.57, 187.7, 1.0, 1.0, 0.0]","[8.75, -40.7, 122.56, 101.16, -112.57, 187.7, 1.0, 1.0, 0.0]",8.266666666666648,248,6,2412,0
"[8.75, -40.7, 122.56, 101.16, -112.57, 187.7, 1.0, 1.0, 0.0]","[8.75, -40.7, 122.56, 101.16, -112.57, 187.7, 1.0, 1.0, 0.0]",8.299999999999981,249,6,2413,0
"[8.75, -40.7, 122.56, 101.16, -112.57, 187.7, 1.0, 1.0, 0.0]","[8.75, -40.7, 122.56, 101.16, -112.57, 187.7, 1.0, 1.0, 0.0]",8.333333333333314,250,6,2414,0
"[8.75, -40.7, 122.56, 101.16, -112.57, 187.7, 1.0, 1.0, 0.0]","[8.75, -40.7, 122.56, 101.16, -112.57, 187.7, 1.0, 1.0, 0.0]",8.366666666666648,251,6,2415,0
"[8.75, -40.7, 122.56, 101.16, -112.57, 187.7, 1.0, 1.0, 0.0]","[8.75, -40.7, 122.56, 101.16, -112.57, 187.7, 1.0, 1.0, 0.0]",8.39999999999998,252,6,2416,0
"[8.75, -40.7, 122.56, 101.16, -112.57, 187.7, 1.0, 1.0, 0.0]","[8.75, -40.7, 122.56, 101.16, -112.57, 187.7, 1.0, 1.0, 0.0]",8.433333333333314,253,6,2417,0
"[8.75, -40.7, 122.56, 101.16, -112.57, 187.7, 1.0, 1.0, 0.0]","[8.75, -40.7, 122.56, 101.16, -112.57, 187.7, 1.0, 1.0, 0.0]",8.466666666666647,254,6,2418,0
"[8.75, -40.7, 122.56, 101.16, -112.57, 187.7, 1.0, 1.0, 0.0]","[8.75, -40.7, 122.56, 101.16, -112.57, 187.7, 1.0, 1.0, 0.0]",8.49999999999998,255,6,2419,0
"[8.75, -40.7, 122.56, 101.16, -112.57, 187.7, 1.0, 1.0, 0.0]","[8.75, -40.7, 122.56, 101.16, -112.57, 187.7, 1.0, 1.0, 0.0]",8.533333333333314,256,6,2420,0
"[8.75, -40.7, 122.56, 101.16, -112.57, 187.7, 1.0, 1.0, 0.0]","[8.75, -40.7, 122.56, 101.16, -112.57, 187.7, 1.0, 1.0, 0.0]",8.566666666666647,257,6,2421,0
"[8.75, -40.7, 122.56, 101.16, -112.57, 187.7, 1.0, 1.0, 0.0]","[8.75, -40.7, 122.56, 101.16, -112.57, 187.7, 1.0, 1.0, 0.0]",8.59999999999998,258,6,2422,0
"[8.75, -40.7, 122.56, 101.16, -112.57, 187.7, 1.0, 1.0, 0.0]","[8.75, -40.7, 122.56, 101.16, -112.57, 187.7, 1.0, 1.0, 0.0]",8.633333333333313,259,6,2423,0
"[8.75, -40.7, 122.56, 101.16, -112.57, 187.7, 1.0, 1.0, 0.0]","[8.75, -40.7, 122.56, 101.16, -112.57, 187.7, 1.0, 1.0, 0.0]",8.666666666666647,260,6,2424,0
"[8.75, -40.7, 122.56, 101.16, -112.57, 187.7, 1.0, 1.0, 0.0]","[8.75, -40.7, 122.56, 101.16, -112.57, 187.7, 1.0, 1.0, 0.0]",8.69999999999998,261,6,2425,0
"[8.75, -40.7, 122.56, 101.16, -112.57, 187.7, 1.0, 1.0, 0.0]","[8.75, -40.7, 122.56, 101.16, -112.57, 187.7, 1.0, 1.0, 0.0]",8.733333333333313,262,6,2426,0
"[8.75, -40.7, 122.56, 101.16, -112.57, 187.7, 1.0, 1.0, 0.0]","[8.75, -40.7, 122.56, 101.16, -112.57, 187.7, 1.0, 1.0, 0.0]",8.766666666666646,263,6,2427,0
"[8.75, -40.7, 122.56, 101.16, -112.57, 187.7, 1.0, 1.0, 0.0]","[8.75, -40.7, 122.56, 101.16, -112.57, 187.7, 1.0, 1.0, 0.0]",8.79999999999998,264,6,2428,0
"[8.75, -40.7, 122.56, 101.16, -112.57, 187.7, 1.0, 1.0, 0.0]","[8.75, -40.7, 122.56, 101.16, -112.57, 187.7, 1.0, 1.0, 0.0]",8.833333333333313,265,6,2429,0
"[8.75, -40.7, 122.56, 101.16, -112.57, 187.7, 1.0, 1.0, 0.0]","[8.75, -40.7, 122.56, 101.16, -112.57, 187.7, 1.0, 1.0, 0.0]",8.866666666666646,266,6,2430,0
"[8.75, -40.7, 122.56, 101.16, -112.57, 187.7, 1.0, 1.0, 0.0]","[8.75, -40.7, 122.56, 101.16, -112.57, 187.7, 1.0, 1.0, 0.0]",8.899999999999979,267,6,2431,0
"[8.75, -40.7, 122.56, 101.16, -112.57, 187.7, 1.0, 1.0, 0.0]","[8.75, -40.7, 122.56, 101.16, -112.57, 187.7, 1.0, 1.0, 0.0]",8.933333333333312,268,6,2432,0
"[8.75, -40.7, 122.56, 101.16, -112.57, 187.7, 1.0, 1.0, 0.0]","[8.75, -40.7, 122.56, 101.16, -112.57, 187.7, 1.0, 1.0, 0.0]",8.966666666666645,269,6,2433,0
"[8.75, -40.7, 122.56, 101.16, -112.57, 187.7, 1.0, 1.0, 0.0]","[8.75, -40.7, 122.56, 101.16, -112.57, 187.7, 1.0, 1.0, 0.0]",8.999999999999979,270,6,2434,0
"[8.75, -40.7, 122.56, 101.16, -112.57, 187.7, 1.0, 1.0, 0.0]","[8.75, -40.7, 122.56, 101.16, -112.57, 187.7, 1.0, 1.0, 0.0]",9.033333333333312,271,6,2435,0
"[8.75, -40.7, 122.56, 101.16, -112.57, 187.7, 1.0, 1.0, 0.0]","[8.75, -40.7, 122.56, 101.16, -112.57, 187.7, 1.0, 1.0, 0.0]",9.066666666666645,272,6,2436,0
"[8.75, -40.7, 122.56, 101.16, -112.57, 187.7, 1.0, 1.0, 0.0]","[8.75, -40.7, 122.56, 101.16, -112.57, 187.7, 1.0, 1.0, 0.0]",9.099999999999978,273,6,2437,0
"[8.75, -40.7, 122.56, 101.16, -112.57, 187.7, 1.0, 1.0, 0.0]","[8.75, -40.7, 122.56, 101.16, -112.57, 187.7, 1.0, 1.0, 0.0]",9.133333333333312,274,6,2438,0
"[8.75, -40.7, 122.56, 101.16, -112.57, 187.7, 1.0, 1.0, 0.0]","[8.75, -40.7, 122.56, 101.16, -112.57, 187.7, 1.0, 1.0, 0.0]",9.166666666666645,275,6,2439,0
"[8.75, -40.7, 122.56, 101.16, -112.57, 187.7, 1.0, 1.0, 0.0]","[8.75, -40.7, 122.56, 101.16, -112.57, 187.7, 1.0, 1.0, 0.0]",9.199999999999978,276,6,2440,0
"[8.75, -40.7, 122.56, 101.16, -112.57, 187.7, 1.0, 1.0, 0.0]","[8.75, -40.7, 122.56, 101.16, -112.57, 187.7, 1.0, 1.0, 0.0]",9.233333333333311,277,6,2441,0
"[8.75, -40.7, 122.56, 101.16, -112.57, 187.7, 1.0, 1.0, 0.0]","[8.75, -40.7, 122.56, 101.16, -112.57, 187.7, 1.0, 1.0, 0.0]",9.266666666666644,278,6,2442,0
"[8.75, -40.7, 122.56, 101.16, -112.57, 187.7, 1.0, 1.0, 0.0]","[8.75, -40.7, 122.56, 101.16, -112.57, 187.7, 1.0, 1.0, 0.0]",9.299999999999978,279,6,2443,0
"[8.75, -40.7, 122.56, 101.16, -112.57, 187.7, 1.0, 1.0, 0.0]","[8.75, -40.7, 122.56, 101.16, -112.57, 187.7, 1.0, 1.0, 0.0]",9.33333333333331,280,6,2444,0
"[8.75, -40.7, 122.56, 101.16, -112.57, 187.7, 1.0, 1.0, 0.0]","[8.75, -40.7, 122.56, 101.16, -112.57, 187.7, 1.0, 1.0, 0.0]",9.366666666666644,281,6,2445,0
"[8.75, -40.7, 122.56, 101.16, -112.57, 187.7, 1.0, 1.0, 0.0]","[8.75, -40.7, 122.56, 101.16, -112.57, 187.7, 1.0, 1.0, 0.0]",9.399999999999977,282,6,2446,0
"[8.75, -40.7, 122.56, 101.16, -112.57, 187.7, 1.0, 1.0, 0.0]","[8.75, -40.7, 122.56, 101.16, -112.57, 187.7, 1.0, 1.0, 0.0]",9.43333333333331,283,6,2447,0
"[8.75, -40.7, 122.56, 101.16, -112.57, 187.7, 1.0, 1.0, 0.0]","[8.75, -40.7, 122.56, 101.16, -112.57, 187.7, 1.0, 1.0, 0.0]",9.466666666666644,284,6,2448,0
"[8.75, -40.7, 122.56, 101.16, -112.57, 187.7, 1.0, 1.0, 0.0]","[8.75, -40.7, 122.56, 101.16, -112.57, 187.7, 1.0, 1.0, 0.0]",9.499999999999977,285,6,2449,0
"[8.75, -40.7, 122.56, 101.16, -112.57, 187.7, 1.0, 1.0, 0.0]","[8.75, -40.7, 122.56, 101.16, -112.57, 187.7, 1.0, 1.0, 0.0]",9.53333333333331,286,6,2450,0
"[8.75, -40.7, 122.56, 101.16, -112.57, 187.7, 1.0, 1.0, 0.0]","[8.75, -40.7, 122.56, 101.16, -112.57, 187.7, 1.0, 1.0, 0.0]",9.566666666666643,287,6,2451,0
"[8.75, -40.7, 122.56, 101.16, -112.57, 187.7, 1.0, 1.0, 0.0]","[8.75, -40.7, 122.56, 101.16, -112.57, 187.7, 1.0, 1.0, 0.0]",9.599999999999977,288,6,2452,0
"[8.75, -40.7, 122.56, 101.16, -112.57, 187.7, 1.0, 1.0, 0.0]","[8.75, -40.7, 122.56, 101.16, -112.57, 187.7, 1.0, 1.0, 0.0]",9.63333333333331,289,6,2453,0
"[8.75, -40.7, 122.56, 101.16, -112.57, 187.7, 1.0, 1.0, 0.0]","[8.75, -40.7, 122.56, 101.16, -112.57, 187.7, 1.0, 1.0, 0.0]",9.666666666666643,290,6,2454,0
"[8.75, -40.7, 122.56, 101.16, -112.57, 187.7, 1.0, 1.0, 0.0]","[8.75, -40.7, 122.56, 101.16, -112.57, 187.7, 1.0, 1.0, 0.0]",9.699999999999976,291,6,2455,0
"[8.75, -40.7, 122.56, 101.16, -112.57, 187.7, 1.0, 1.0, 0.0]","[8.75, -40.7, 122.56, 101.16, -112.57, 187.7, 1.0, 1.0, 0.0]",9.73333333333331,292,6,2456,0
"[8.75, -40.7, 122.56, 101.16, -112.57, 187.7, 1.0, 1.0, 0.0]","[8.75, -40.7, 122.56, 101.16, -112.57, 187.7, 1.0, 1.0, 0.0]",9.766666666666643,293,6,2457,0
"[8.75, -40.7, 122.56, 101.16, -112.57, 187.7, 1.0, 1.0, 0.0]","[8.75, -40.7, 122.56, 101.16, -112.57, 187.7, 1.0, 1.0, 0.0]",9.799999999999976,294,6,2458,0
"[8.75, -40.7, 122.56, 101.16, -112.57, 187.7, 1.0, 1.0, 0.0]","[8.75, -40.7, 122.56, 101.16, -112.57, 187.7, 1.0, 1.0, 0.0]",9.833333333333309,295,6,2459,0
"[8.75, -40.7, 122.56, 101.16, -112.57, 187.7, 1.0, 1.0, 0.0]","[8.75, -40.7, 122.56, 101.16, -112.57, 187.7, 1.0, 1.0, 0.0]",9.866666666666642,296,6,2460,0
"[8.75, -40.7, 122.56, 101.16, -112.57, 187.7, 1.0, 1.0, 0.0]","[8.75, -40.7, 122.56, 101.16, -112.57, 187.7, 1.0, 1.0, 0.0]",9.899999999999975,297,6,2461,0
"[8.75, -40.7, 122.56, 101.16, -112.57, 187.7, 1.0, 1.0, 0.0]","[8.75, -40.7, 122.56, 101.16, -112.57, 187.7, 1.0, 1.0, 0.0]",9.933333333333309,298,6,2462,0
"[8.75, -40.7, 122.56, 101.16, -112.57, 187.7, 1.0, 1.0, 0.0]","[8.75, -40.7, 122.56, 101.16, -112.57, 187.7, 1.0, 1.0, 0.0]",9.966666666666642,299,6,2463,0
"[8.75, -40.7, 122.56, 101.16, -112.57, 187.7, 1.0, 1.0, 0.0]","[8.75, -40.7, 122.56, 101.16, -112.57, 187.7, 1.0, 1.0, 0.0]",9.999999999999975,300,6,2464,0
"[8.75, -40.7, 122.56, 101.16, -112.57, 187.7, 1.0, 1.0, 0.0]","[8.75, -40.7, 122.56, 101.16, -112.57, 187.7, 1.0, 1.0, 0.0]",10.033333333333308,301,6,2465,0
"[8.75, -40.7, 122.56, 101.16, -112.57, 187.7, 1.0, 1.0, 0.0]","[8.75, -40.7, 122.56, 101.16, -112.57, 187.7, 1.0, 1.0, 0.0]",10.066666666666642,302,6,2466,0
"[8.75, -40.7, 122.56, 101.16, -112.57, 187.7, 1.0, 1.0, 0.0]","[8.75, -40.7, 122.56, 101.16, -112.57, 187.7, 1.0, 1.0, 0.0]",10.099999999999975,303,6,2467,0
"[8.75, -40.7, 122.56, 101.16, -112.57, 187.7, 1.0, 1.0, 0.0]","[8.75, -40.7, 122.56, 101.16, -112.57, 187.7, 1.0, 1.0, 0.0]",10.133333333333308,304,6,2468,0
"[8.75, -40.7, 122.56, 101.16, -112.57, 187.7, 1.0, 1.0, 0.0]","[8.75, -40.7, 122.56, 101.16, -112.57, 187.7, 1.0, 1.0, 0.0]",10.166666666666641,305,6,2469,0
"[8.75, -40.7, 122.56, 101.16, -112.57, 187.7, 1.0, 1.0, 0.0]","[8.75, -40.7, 122.56, 101.16, -112.57, 187.7, 1.0, 1.0, 0.0]",10.199999999999974,306,6,2470,0
"[8.75, -40.7, 122.56, 101.16, -112.57, 187.7, 1.0, 1.0, 0.0]","[8.75, -40.7, 122.56, 101.16, -112.57, 187.7, 1.0, 1.0, 0.0]",10.233333333333308,307,6,2471,0
"[8.75, -40.7, 122.56, 101.16, -112.57, 187.7, 1.0, 1.0, 0.0]","[8.75, -40.7, 122.56, 101.16, -112.57, 187.7, 1.0, 1.0, 0.0]",10.26666666666664,308,6,2472,0
"[8.75, -40.7, 122.56, 101.16, -112.57, 187.7, 1.0, 1.0, 0.0]","[8.75, -40.7, 122.56, 101.16, -112.57, 187.7, 1.0, 1.0, 0.0]",10.299999999999974,309,6,2473,0
"[8.75, -40.7, 122.56, 101.16, -112.57, 187.7, 1.0, 1.0, 0.0]","[8.75, -40.7, 122.56, 101.16, -112.57, 187.7, 1.0, 1.0, 0.0]",10.333333333333307,310,6,2474,0
"[8.75, -40.7, 122.56, 101.16, -112.57, 187.7, 1.0, 1.0, 0.0]","[8.75, -40.7, 122.56, 101.16, -112.57, 187.7, 1.0, 1.0, 0.0]",10.36666666666664,311,6,2475,0
"[8.75, -40.7, 122.56, 101.16, -112.57, 187.7, 1.0, 1.0, 0.0]","[8.75, -40.7, 122.56, 101.16, -112.57, 187.7, 1.0, 1.0, 0.0]",10.399999999999974,312,6,2476,0
"[8.75, -40.7, 122.56, 101.16, -112.57, 187.7, 1.0, 1.0, 0.0]","[8.75, -40.7, 122.56, 101.16, -112.57, 187.7, 1.0, 1.0, 0.0]",10.433333333333307,313,6,2477,0
"[8.75, -40.7, 122.56, 101.16, -112.57, 187.7, 1.0, 1.0, 0.0]","[8.75, -40.7, 122.56, 101.16, -112.57, 187.7, 1.0, 1.0, 0.0]",10.46666666666664,314,6,2478,0
